Method,Job,AnalyzeLaunchVariance,EvaluateOverhead,MaxAbsoluteError,MaxRelativeError,MinInvokeCount,MinIterationTime,OutlierMode,Affinity,EnvironmentVariables,Jit,LargeAddressAware,Platform,PowerPlanMode,Runtime,AllowVeryLargeObjects,Concurrent,CpuGroups,Force,HeapAffinitizeMask,HeapCount,NoAffinitize,RetainVm,Server,Arguments,BuildConfiguration,Clock,EngineFactory,NuGetReferences,IsMutator,InvocationCount,IterationCount,IterationTime,LaunchCount,MaxIterationCount,MaxWarmupIterationCount,MemoryRandomization,MinIterationCount,MinWarmupIterationCount,RunStrategy,UnrollFactor,WarmupCount,Mean,Error,StdDev,Ratio,RatioSD,Rank,Gen0,Allocated,Alloc Ratio
Ardalis_AggregateHydration_ZeroEvents,.NET 10.0,False,Default,Default,Default,Default,Default,Default,1111,Empty,RyuJit,Default,X64,8c5e7fda-e8bf-4a96-9a85-a6e23a8c635c,.NET 10.0,False,True,False,True,Default,Default,False,False,False,Default,Default,Default,Default,Default,Default,Default,Default,Default,Default,Default,Default,Default,Default,Default,Default,16,Default,13.387 ns,0.1445 ns,0.1281 ns,?,?,2,0.0043,72 B,?
EricksonLopez_AggregateHydration_ZeroEvents,.NET 10.0,False,Default,Default,Default,Default,Default,Default,1111,Empty,RyuJit,Default,X64,8c5e7fda-e8bf-4a96-9a85-a6e23a8c635c,.NET 10.0,False,True,False,True,Default,Default,False,False,False,Default,Default,Default,Default,Default,Default,Default,Default,Default,Default,Default,Default,Default,Default,Default,Default,16,Default,7.415 ns,0.0361 ns,0.0337 ns,?,?,1,0.0029,48 B,?
Ardalis_DrainEvents_WithEvents,.NET 10.0,False,Default,Default,Default,Default,Default,Default,1111,Empty,RyuJit,Default,X64,8c5e7fda-e8bf-4a96-9a85-a6e23a8c635c,.NET 10.0,False,True,False,True,Default,Default,False,False,False,Default,Default,Default,Default,Default,Default,Default,Default,Default,Default,Default,Default,Default,Default,Default,Default,16,Default,71.600 ns,0.1747 ns,0.1549 ns,?,?,4,0.0119,200 B,?
EricksonLopez_DrainEvents_WithEvents,.NET 10.0,False,Default,Default,Default,Default,Default,Default,1111,Empty,RyuJit,Default,X64,8c5e7fda-e8bf-4a96-9a85-a6e23a8c635c,.NET 10.0,False,True,False,True,Default,Default,False,False,False,Default,Default,Default,Default,Default,Default,Default,Default,Default,Default,Default,Default,Default,Default,Default,Default,16,Default,49.558 ns,0.2475 ns,0.2067 ns,?,?,3,0.0114,192 B,?
Ardalis_AggregateHydration_ZeroEvents,.NET 8.0,False,Default,Default,Default,Default,Default,Default,1111,Empty,RyuJit,Default,X64,8c5e7fda-e8bf-4a96-9a85-a6e23a8c635c,.NET 8.0,False,True,False,True,Default,Default,False,False,False,Default,Default,Default,Default,Default,Default,Default,Default,Default,Default,Default,Default,Default,Default,Default,Default,16,Default,NA,NA,NA,?,?,?,NA,NA,?
EricksonLopez_AggregateHydration_ZeroEvents,.NET 8.0,False,Default,Default,Default,Default,Default,Default,1111,Empty,RyuJit,Default,X64,8c5e7fda-e8bf-4a96-9a85-a6e23a8c635c,.NET 8.0,False,True,False,True,Default,Default,False,False,False,Default,Default,Default,Default,Default,Default,Default,Default,Default,Default,Default,Default,Default,Default,Default,Default,16,Default,NA,NA,NA,?,?,?,NA,NA,?
Ardalis_DrainEvents_WithEvents,.NET 8.0,False,Default,Default,Default,Default,Default,Default,1111,Empty,RyuJit,Default,X64,8c5e7fda-e8bf-4a96-9a85-a6e23a8c635c,.NET 8.0,False,True,False,True,Default,Default,False,False,False,Default,Default,Default,Default,Default,Default,Default,Default,Default,Default,Default,Default,Default,Default,Default,Default,16,Default,NA,NA,NA,?,?,?,NA,NA,?
EricksonLopez_DrainEvents_WithEvents,.NET 8.0,False,Default,Default,Default,Default,Default,Default,1111,Empty,RyuJit,Default,X64,8c5e7fda-e8bf-4a96-9a85-a6e23a8c635c,.NET 8.0,False,True,False,True,Default,Default,False,False,False,Default,Default,Default,Default,Default,Default,Default,Default,Default,Default,Default,Default,Default,Default,Default,Default,16,Default,NA,NA,NA,?,?,?,NA,NA,?
Ardalis_AggregateHydration_ZeroEvents,.NET 9.0,False,Default,Default,Default,Default,Default,Default,1111,Empty,RyuJit,Default,X64,8c5e7fda-e8bf-4a96-9a85-a6e23a8c635c,.NET 9.0,False,True,False,True,Default,Default,False,False,False,Default,Default,Default,Default,Default,Default,Default,Default,Default,Default,Default,Default,Default,Default,Default,Default,16,Default,NA,NA,NA,?,?,?,NA,NA,?
EricksonLopez_AggregateHydration_ZeroEvents,.NET 9.0,False,Default,Default,Default,Default,Default,Default,1111,Empty,RyuJit,Default,X64,8c5e7fda-e8bf-4a96-9a85-a6e23a8c635c,.NET 9.0,False,True,False,True,Default,Default,False,False,False,Default,Default,Default,Default,Default,Default,Default,Default,Default,Default,Default,Default,Default,Default,Default,Default,16,Default,NA,NA,NA,?,?,?,NA,NA,?
Ardalis_DrainEvents_WithEvents,.NET 9.0,False,Default,Default,Default,Default,Default,Default,1111,Empty,RyuJit,Default,X64,8c5e7fda-e8bf-4a96-9a85-a6e23a8c635c,.NET 9.0,False,True,False,True,Default,Default,False,False,False,Default,Default,Default,Default,Default,Default,Default,Default,Default,Default,Default,Default,Default,Default,Default,Default,16,Default,NA,NA,NA,?,?,?,NA,NA,?
EricksonLopez_DrainEvents_WithEvents,.NET 9.0,False,Default,Default,Default,Default,Default,Default,1111,Empty,RyuJit,Default,X64,8c5e7fda-e8bf-4a96-9a85-a6e23a8c635c,.NET 9.0,False,True,False,True,Default,Default,False,False,False,Default,Default,Default,Default,Default,Default,Default,Default,Default,Default,Default,Default,Default,Default,Default,Default,16,Default,NA,NA,NA,?,?,?,NA,NA,?
