Method,Job,AnalyzeLaunchVariance,EvaluateOverhead,MaxAbsoluteError,MaxRelativeError,MinInvokeCount,MinIterationTime,OutlierMode,Affinity,EnvironmentVariables,Jit,LargeAddressAware,Platform,PowerPlanMode,Runtime,AllowVeryLargeObjects,Concurrent,CpuGroups,Force,HeapAffinitizeMask,HeapCount,NoAffinitize,RetainVm,Server,Arguments,BuildConfiguration,Clock,EngineFactory,NuGetReferences,IsMutator,InvocationCount,IterationCount,IterationTime,LaunchCount,MaxIterationCount,MaxWarmupIterationCount,MemoryRandomization,MinIterationCount,MinWarmupIterationCount,RunStrategy,UnrollFactor,WarmupCount,Mean,Error,StdDev,Ratio,RatioSD,Gen0,Allocated,Alloc Ratio
EntityEquality_SameId,.NET 10.0,False,Default,Default,Default,Default,Default,Default,1111,Empty,RyuJit,Default,X64,8c5e7fda-e8bf-4a96-9a85-a6e23a8c635c,.NET 10.0,False,True,False,True,Default,Default,False,False,False,Default,Default,Default,Default,Default,Default,Default,Default,Default,Default,Default,Default,Default,Default,Default,Default,16,Default,3.524 ns,0.0031 ns,0.0026 ns,?,?,0.0000,0 B,?
EntityEquality_SameId,.NET 8.0,False,Default,Default,Default,Default,Default,Default,1111,Empty,RyuJit,Default,X64,8c5e7fda-e8bf-4a96-9a85-a6e23a8c635c,.NET 8.0,False,True,False,True,Default,Default,False,False,False,Default,Default,Default,Default,Default,Default,Default,Default,Default,Default,Default,Default,Default,Default,Default,Default,16,Default,NA,NA,NA,?,?,NA,NA,?
EntityEquality_SameId,.NET 9.0,False,Default,Default,Default,Default,Default,Default,1111,Empty,RyuJit,Default,X64,8c5e7fda-e8bf-4a96-9a85-a6e23a8c635c,.NET 9.0,False,True,False,True,Default,Default,False,False,False,Default,Default,Default,Default,Default,Default,Default,Default,Default,Default,Default,Default,Default,Default,Default,Default,16,Default,NA,NA,NA,?,?,NA,NA,?
EntityEquality_DifferentId,.NET 10.0,False,Default,Default,Default,Default,Default,Default,1111,Empty,RyuJit,Default,X64,8c5e7fda-e8bf-4a96-9a85-a6e23a8c635c,.NET 10.0,False,True,False,True,Default,Default,False,False,False,Default,Default,Default,Default,Default,Default,Default,Default,Default,Default,Default,Default,Default,Default,Default,Default,16,Default,3.307 ns,0.0052 ns,0.0046 ns,?,?,0.0000,0 B,?
EntityEquality_DifferentId,.NET 8.0,False,Default,Default,Default,Default,Default,Default,1111,Empty,RyuJit,Default,X64,8c5e7fda-e8bf-4a96-9a85-a6e23a8c635c,.NET 8.0,False,True,False,True,Default,Default,False,False,False,Default,Default,Default,Default,Default,Default,Default,Default,Default,Default,Default,Default,Default,Default,Default,Default,16,Default,NA,NA,NA,?,?,NA,NA,?
EntityEquality_DifferentId,.NET 9.0,False,Default,Default,Default,Default,Default,Default,1111,Empty,RyuJit,Default,X64,8c5e7fda-e8bf-4a96-9a85-a6e23a8c635c,.NET 9.0,False,True,False,True,Default,Default,False,False,False,Default,Default,Default,Default,Default,Default,Default,Default,Default,Default,Default,Default,Default,Default,Default,Default,16,Default,NA,NA,NA,?,?,NA,NA,?
EntityGetHashCode,.NET 10.0,False,Default,Default,Default,Default,Default,Default,1111,Empty,RyuJit,Default,X64,8c5e7fda-e8bf-4a96-9a85-a6e23a8c635c,.NET 10.0,False,True,False,True,Default,Default,False,False,False,Default,Default,Default,Default,Default,Default,Default,Default,Default,Default,Default,Default,Default,Default,Default,Default,16,Default,7.481 ns,0.1353 ns,0.1130 ns,?,?,0.0000,0 B,?
EntityGetHashCode,.NET 8.0,False,Default,Default,Default,Default,Default,Default,1111,Empty,RyuJit,Default,X64,8c5e7fda-e8bf-4a96-9a85-a6e23a8c635c,.NET 8.0,False,True,False,True,Default,Default,False,False,False,Default,Default,Default,Default,Default,Default,Default,Default,Default,Default,Default,Default,Default,Default,Default,Default,16,Default,NA,NA,NA,?,?,NA,NA,?
EntityGetHashCode,.NET 9.0,False,Default,Default,Default,Default,Default,Default,1111,Empty,RyuJit,Default,X64,8c5e7fda-e8bf-4a96-9a85-a6e23a8c635c,.NET 9.0,False,True,False,True,Default,Default,False,False,False,Default,Default,Default,Default,Default,Default,Default,Default,Default,Default,Default,Default,Default,Default,Default,Default,16,Default,NA,NA,NA,?,?,NA,NA,?
AggregateDrainDomainEvents_NoEvents,.NET 10.0,False,Default,Default,Default,Default,Default,Default,1111,Empty,RyuJit,Default,X64,8c5e7fda-e8bf-4a96-9a85-a6e23a8c635c,.NET 10.0,False,True,False,True,Default,Default,False,False,False,Default,Default,Default,Default,Default,Default,Default,Default,Default,Default,Default,Default,Default,Default,Default,Default,16,Default,2.055 ns,0.0060 ns,0.0056 ns,?,?,0.0000,0 B,?
AggregateDrainDomainEvents_NoEvents,.NET 8.0,False,Default,Default,Default,Default,Default,Default,1111,Empty,RyuJit,Default,X64,8c5e7fda-e8bf-4a96-9a85-a6e23a8c635c,.NET 8.0,False,True,False,True,Default,Default,False,False,False,Default,Default,Default,Default,Default,Default,Default,Default,Default,Default,Default,Default,Default,Default,Default,Default,16,Default,NA,NA,NA,?,?,NA,NA,?
AggregateDrainDomainEvents_NoEvents,.NET 9.0,False,Default,Default,Default,Default,Default,Default,1111,Empty,RyuJit,Default,X64,8c5e7fda-e8bf-4a96-9a85-a6e23a8c635c,.NET 9.0,False,True,False,True,Default,Default,False,False,False,Default,Default,Default,Default,Default,Default,Default,Default,Default,Default,Default,Default,Default,Default,Default,Default,16,Default,NA,NA,NA,?,?,NA,NA,?
AggregateDrainDomainEvents_WithEvents,.NET 10.0,False,Default,Default,Default,Default,Default,Default,1111,Empty,RyuJit,Default,X64,8c5e7fda-e8bf-4a96-9a85-a6e23a8c635c,.NET 10.0,False,True,False,True,Default,Default,False,False,False,Default,Default,Default,Default,Default,Default,Default,Default,Default,Default,Default,Default,Default,Default,Default,Default,16,Default,51.534 ns,0.7373 ns,0.6896 ns,?,?,0.0114,192 B,?
AggregateDrainDomainEvents_WithEvents,.NET 8.0,False,Default,Default,Default,Default,Default,Default,1111,Empty,RyuJit,Default,X64,8c5e7fda-e8bf-4a96-9a85-a6e23a8c635c,.NET 8.0,False,True,False,True,Default,Default,False,False,False,Default,Default,Default,Default,Default,Default,Default,Default,Default,Default,Default,Default,Default,Default,Default,Default,16,Default,NA,NA,NA,?,?,NA,NA,?
AggregateDrainDomainEvents_WithEvents,.NET 9.0,False,Default,Default,Default,Default,Default,Default,1111,Empty,RyuJit,Default,X64,8c5e7fda-e8bf-4a96-9a85-a6e23a8c635c,.NET 9.0,False,True,False,True,Default,Default,False,False,False,Default,Default,Default,Default,Default,Default,Default,Default,Default,Default,Default,Default,Default,Default,Default,Default,16,Default,NA,NA,NA,?,?,NA,NA,?
AggregateRaiseDomainEvent_FirstTime,.NET 10.0,False,Default,Default,Default,Default,Default,Default,1111,Empty,RyuJit,Default,X64,8c5e7fda-e8bf-4a96-9a85-a6e23a8c635c,.NET 10.0,False,True,False,True,Default,Default,False,False,False,Default,Default,Default,Default,Default,Default,Default,Default,Default,Default,Default,Default,Default,Default,Default,Default,16,Default,30.471 ns,0.6637 ns,0.8860 ns,?,?,0.0081,136 B,?
AggregateRaiseDomainEvent_FirstTime,.NET 8.0,False,Default,Default,Default,Default,Default,Default,1111,Empty,RyuJit,Default,X64,8c5e7fda-e8bf-4a96-9a85-a6e23a8c635c,.NET 8.0,False,True,False,True,Default,Default,False,False,False,Default,Default,Default,Default,Default,Default,Default,Default,Default,Default,Default,Default,Default,Default,Default,Default,16,Default,NA,NA,NA,?,?,NA,NA,?
AggregateRaiseDomainEvent_FirstTime,.NET 9.0,False,Default,Default,Default,Default,Default,Default,1111,Empty,RyuJit,Default,X64,8c5e7fda-e8bf-4a96-9a85-a6e23a8c635c,.NET 9.0,False,True,False,True,Default,Default,False,False,False,Default,Default,Default,Default,Default,Default,Default,Default,Default,Default,Default,Default,Default,Default,Default,Default,16,Default,NA,NA,NA,?,?,NA,NA,?
AggregateRaiseDomainEvent_Subsequent,.NET 10.0,False,Default,Default,Default,Default,Default,Default,1111,Empty,RyuJit,Default,X64,8c5e7fda-e8bf-4a96-9a85-a6e23a8c635c,.NET 10.0,False,True,False,True,Default,Default,False,False,False,Default,Default,Default,Default,Default,Default,Default,Default,Default,Default,Default,Default,Default,Default,Default,Default,16,Default,35.528 ns,0.7650 ns,0.7156 ns,?,?,0.0081,136 B,?
AggregateRaiseDomainEvent_Subsequent,.NET 8.0,False,Default,Default,Default,Default,Default,Default,1111,Empty,RyuJit,Default,X64,8c5e7fda-e8bf-4a96-9a85-a6e23a8c635c,.NET 8.0,False,True,False,True,Default,Default,False,False,False,Default,Default,Default,Default,Default,Default,Default,Default,Default,Default,Default,Default,Default,Default,Default,Default,16,Default,NA,NA,NA,?,?,NA,NA,?
AggregateRaiseDomainEvent_Subsequent,.NET 9.0,False,Default,Default,Default,Default,Default,Default,1111,Empty,RyuJit,Default,X64,8c5e7fda-e8bf-4a96-9a85-a6e23a8c635c,.NET 9.0,False,True,False,True,Default,Default,False,False,False,Default,Default,Default,Default,Default,Default,Default,Default,Default,Default,Default,Default,Default,Default,Default,Default,16,Default,NA,NA,NA,?,?,NA,NA,?
